{
    "1": {
        "x": -7.6,
        "y": -1.6222222222222222
    },
    "2": {
        "x": -6.488888888888889,
        "y": -1.6222222222222222
    },
    "3": {
        "x": -5.377777777777778,
        "y": -1.6222222222222222
    },
    "4": {
        "x": -7.6,
        "y": -0.5333333333333333
    },
    "5": {
        "x": -6.488888888888889,
        "y": -0.5333333333333333
    },
    "6": {
        "x": -5.377777777777778,
        "y": -0.5333333333333333
    },
    "7": {
        "x": -7.6,
        "y": 0.5555555555555556
    },
    "8": {
        "x": -6.488888888888889,
        "y": 0.5555555555555556
    },
    "9": {
        "x": -5.377777777777778,
        "y": 0.5555555555555556
    }
}